-- MariaDB dump 10.19  Distrib 10.4.32-MariaDB, for Win64 (AMD64)
--
-- Host: localhost    Database: aceites
-- ------------------------------------------------------
-- Server version	10.4.32-MariaDB

/*!40101 SET @OLD_CHARACTER_SET_CLIENT=@@CHARACTER_SET_CLIENT */;
/*!40101 SET @OLD_CHARACTER_SET_RESULTS=@@CHARACTER_SET_RESULTS */;
/*!40101 SET @OLD_COLLATION_CONNECTION=@@COLLATION_CONNECTION */;
/*!40101 SET NAMES utf8mb4 */;
/*!40103 SET @OLD_TIME_ZONE=@@TIME_ZONE */;
/*!40103 SET TIME_ZONE='+00:00' */;
/*!40014 SET @OLD_UNIQUE_CHECKS=@@UNIQUE_CHECKS, UNIQUE_CHECKS=0 */;
/*!40014 SET @OLD_FOREIGN_KEY_CHECKS=@@FOREIGN_KEY_CHECKS, FOREIGN_KEY_CHECKS=0 */;
/*!40101 SET @OLD_SQL_MODE=@@SQL_MODE, SQL_MODE='NO_AUTO_VALUE_ON_ZERO' */;
/*!40111 SET @OLD_SQL_NOTES=@@SQL_NOTES, SQL_NOTES=0 */;

--
-- Table structure for table `aceites_stock`
--

DROP TABLE IF EXISTS `aceites_stock`;
/*!40101 SET @saved_cs_client     = @@character_set_client */;
/*!40101 SET character_set_client = utf8 */;
CREATE TABLE `aceites_stock` (
  `id` int(11) NOT NULL AUTO_INCREMENT,
  `Cant_Aceites` int(11) DEFAULT NULL,
  `Fecha_Aceites` date DEFAULT NULL,
  `Entrada` int(11) DEFAULT NULL,
  `Salida` int(11) DEFAULT NULL,
  PRIMARY KEY (`id`)
) ENGINE=InnoDB AUTO_INCREMENT=224 DEFAULT CHARSET=utf8mb4 COLLATE=utf8mb4_general_ci;
/*!40101 SET character_set_client = @saved_cs_client */;

--
-- Dumping data for table `aceites_stock`
--

LOCK TABLES `aceites_stock` WRITE;
/*!40000 ALTER TABLE `aceites_stock` DISABLE KEYS */;
INSERT INTO `aceites_stock` VALUES (1,10,'2025-01-25',10,0),(2,9,'2025-01-12',0,1),(3,8,'2025-01-25',0,1),(4,7,'2025-01-13',0,1),(5,6,'2025-01-14',0,1),(6,5,'2025-01-14',0,1),(7,4,'2025-01-14',0,1),(8,3,'2025-01-16',0,1),(9,2,'2025-01-16',0,1),(10,1,'2025-01-18',0,1),(11,0,'2025-01-18',0,1),(12,10,'2025-01-25',10,0),(13,9,'2025-01-19',0,1),(14,8,'2025-01-21',0,1),(15,7,'2025-01-21',0,1),(16,6,'2025-01-21',0,1),(17,5,'2025-01-21',0,1),(18,4,'2025-01-22',0,1),(19,3,'2025-01-22',0,1),(20,2,'2025-01-23',0,1),(21,1,'2025-01-24',0,1),(22,0,'2025-01-23',0,1),(32,10,'2025-01-23',10,0),(33,9,'2025-01-23',0,1),(34,8,'2025-01-24',0,1),(35,7,'2025-01-24',0,1),(36,6,'2025-01-25',0,1),(37,5,'2025-01-25',0,1),(38,4,'2025-01-27',0,1),(39,3,'2025-01-27',0,1),(40,2,'2025-01-29',0,1),(41,1,'2025-01-29',0,1),(42,0,'2025-01-29',0,1),(48,10,'2025-02-03',10,0),(49,9,'2025-01-31',0,1),(50,8,'2025-01-31',0,1),(51,7,'2025-02-01',0,1),(52,6,'2025-02-01',0,1),(53,5,'2025-02-03',0,1),(55,4,'2025-02-03',0,1),(56,3,'2025-02-03',0,1),(57,2,'2025-02-02',0,1),(58,1,'2025-02-05',0,1),(59,0,'2025-02-05',0,1),(60,10,'2025-02-06',10,0),(73,9,'2025-02-08',0,1),(74,10,'2025-02-08',1,0),(75,9,'2025-02-06',0,1),(76,8,'2025-02-06',0,1),(77,7,'2025-02-07',0,1),(78,6,'2025-02-08',0,1),(79,5,'2025-02-08',0,1),(80,4,'2025-02-09',0,1),(81,3,'2025-02-10',0,1),(82,3,'2025-02-12',0,0),(83,2,'2025-02-11',0,1),(84,1,'2025-02-12',0,1),(85,0,'2025-02-11',0,1),(86,9,'2025-02-13',9,0),(87,8,'2025-02-13',0,1),(88,7,'2025-02-13',0,1),(89,8,'2025-02-20',1,0),(90,7,'2025-02-13',0,1),(91,6,'2025-02-13',0,1),(92,5,'2025-02-13',0,1),(93,4,'2025-02-17',0,1),(94,3,'2025-02-17',0,1),(95,2,'2025-02-19',0,1),(96,1,'2025-02-14',0,1),(97,0,'2025-02-20',0,1),(98,10,'2025-02-21',10,0),(99,9,'2025-02-20',0,1),(100,8,'2025-02-21',0,1),(101,7,'2025-02-21',0,1),(102,6,'2025-02-24',0,1),(103,5,'2025-02-26',0,1),(104,4,'2025-02-26',0,1),(105,3,'2025-02-27',0,1),(106,2,'2025-02-27',0,1),(107,3,'2025-03-06',1,0),(108,2,'2025-03-03',0,1),(109,1,'2025-03-06',0,1),(110,0,'2025-03-06',0,1),(111,10,'2025-03-06',10,0),(112,9,'2025-03-06',0,1),(113,8,'2025-03-10',0,1),(114,7,'2025-04-12',0,1),(115,8,'2025-04-04',1,0),(116,7,'2025-03-12',0,1),(117,6,'2025-03-13',0,1),(118,5,'2025-03-16',0,1),(119,4,'2025-03-17',0,1),(120,3,'2025-03-20',0,1),(121,2,'2025-03-22',0,1),(122,1,'2025-04-22',0,1),(123,0,'2025-03-26',0,1),(124,10,'2025-04-09',10,0),(125,9,'2025-03-29',0,1),(126,8,'2025-03-29',0,1),(127,7,'2025-03-30',0,1),(128,6,'2025-04-30',0,1),(129,5,'2025-04-08',0,1),(130,4,'2025-04-07',0,1),(131,3,'2025-04-07',0,1),(132,2,'2025-04-09',0,1),(133,1,'2025-04-12',0,1),(134,0,'2025-04-29',0,1),(135,10,'2025-04-28',10,0),(138,9,'2025-04-15',0,1),(139,8,'2025-04-15',0,1),(140,7,'2025-04-15',0,1),(141,6,'2025-04-15',0,1),(142,5,'2025-04-18',0,1),(143,4,'2025-04-23',0,1),(144,3,'2025-04-24',0,1),(145,2,'2025-04-24',0,1),(146,1,'2025-04-26',0,1),(147,0,'2025-04-27',0,1),(148,10,'2025-04-28',10,0),(149,9,'2025-04-29',0,1),(150,8,'2025-05-01',0,1),(151,7,'2025-05-03',0,1),(152,6,'2025-05-03',0,1),(153,5,'2025-05-05',0,1),(154,4,'2025-05-05',0,1),(155,3,'2025-05-07',0,1),(156,2,'2025-05-07',0,1),(157,1,'2025-05-10',0,1),(158,0,'2025-05-12',0,1),(160,10,'2025-06-07',10,0),(161,9,'2025-05-13',0,1),(162,8,'2025-05-13',0,1),(163,7,'2025-05-14',0,1),(164,6,'2025-05-15',0,1),(165,5,'2025-05-17',0,1),(166,4,'2025-05-25',0,1),(167,3,'2025-05-27',0,1),(168,2,'2025-05-17',0,1),(169,3,'2025-06-07',1,0),(170,2,'2025-05-27',0,1),(171,1,'2025-05-27',0,1),(172,0,'2025-05-30',0,1),(192,10,'2025-06-11',10,0),(193,9,'2025-06-02',0,1),(194,8,'2025-06-03',0,1),(195,6,'2025-06-03',0,2),(196,5,'2025-06-03',0,1),(197,6,'2025-06-11',1,0),(198,5,'2025-06-04',0,1),(199,4,'2025-06-05',0,1),(200,3,'2025-06-06',0,1),(201,2,'2025-06-07',0,1),(202,1,'2025-06-07',0,1),(203,0,'2025-06-09',0,1),(223,10,'2025-06-24',10,0);
/*!40000 ALTER TABLE `aceites_stock` ENABLE KEYS */;
UNLOCK TABLES;

--
-- Table structure for table `control_aceites`
--

DROP TABLE IF EXISTS `control_aceites`;
/*!40101 SET @saved_cs_client     = @@character_set_client */;
/*!40101 SET character_set_client = utf8 */;
CREATE TABLE `control_aceites` (
  `id` int(11) NOT NULL AUTO_INCREMENT,
  `Fecha` date DEFAULT NULL,
  `Moto_Num` varchar(50) DEFAULT NULL,
  `Cant_Aceites` int(11) DEFAULT NULL,
  `id_Informe` int(11) DEFAULT NULL,
  `precio` int(11) DEFAULT NULL,
  `folio` varchar(50) DEFAULT NULL,
  PRIMARY KEY (`id`),
  KEY `fk_id_informe` (`id_Informe`),
  CONSTRAINT `fk_id_informe` FOREIGN KEY (`id_Informe`) REFERENCES `informe` (`id`)
) ENGINE=InnoDB AUTO_INCREMENT=171 DEFAULT CHARSET=utf8mb4 COLLATE=utf8mb4_general_ci;
/*!40101 SET character_set_client = @saved_cs_client */;

--
-- Dumping data for table `control_aceites`
--

LOCK TABLES `control_aceites` WRITE;
/*!40000 ALTER TABLE `control_aceites` DISABLE KEYS */;
INSERT INTO `control_aceites` VALUES (1,'2025-01-12','1',1,1,93,'IWAED389096'),(2,'2025-01-13','10',1,1,93,'IWAED389096'),(3,'2025-01-13','12',1,1,93,'IWAED389096'),(4,'2025-01-14','19',1,1,93,'IWAED389096'),(5,'2025-01-14','5',1,1,93,'IWAED389096'),(6,'2025-01-14','16',1,1,93,'IWAED389096'),(7,'2025-01-16','10',1,1,93,'IWAED389096'),(8,'2025-01-16','16',1,1,93,'IWAED389096'),(9,'2025-01-18','4',1,1,93,'IWAED389096'),(10,'2025-01-18','10',1,1,93,'IWAED389096'),(11,'2025-01-19','10',1,2,93,'IWAED389456'),(12,'2025-01-21','1',1,2,93,'IWAED389456'),(13,'2025-01-21','4',1,2,93,'IWAED389456'),(14,'2025-01-21','15',1,2,93,'IWAED389456'),(15,'2025-01-21','10',1,2,93,'IWAED389456'),(16,'2025-01-22','10',1,2,93,'IWAED389456'),(17,'2025-01-22','10',1,2,93,'IWAED389456'),(18,'2025-01-23','14',1,2,93,'IWAED389456'),(19,'2025-01-23','1',1,2,93,'IWAED389456'),(20,'2025-01-23','planta',1,2,93,'IWAED389456'),(30,'2025-01-23','10',1,3,93,'IWAED389881'),(31,'2025-01-24','6',1,3,93,'IWAED389881'),(32,'2025-01-24','10',1,3,93,'IWAED389881'),(33,'2025-01-25','10',1,3,93,'IWAED389881'),(34,'2025-01-25','6',1,3,93,'IWAED389881'),(35,'2025-01-27','1',1,3,93,'IWAED389881'),(36,'2025-01-27','10',1,3,93,'IWAED389881'),(37,'2025-01-29','14',1,3,93,'IWAED389881'),(38,'2025-01-29','1',1,3,93,'IWAED389881'),(39,'2025-01-29','10',1,3,93,'IWAED389881'),(44,'2025-01-31','10',1,6,93,'IWAED390612'),(45,'2025-01-31','10',1,6,93,'IWAED390612'),(46,'2025-02-01','12',1,6,93,'IWAED390612'),(47,'2025-02-01','5',1,6,93,'IWAED390612'),(48,'2025-02-03','1',1,6,93,'IWAED390612'),(50,'2025-02-03','1',1,6,93,'IWAED390612'),(51,'2025-02-03','10',1,6,93,'IWAED390612'),(52,'2025-02-02','6',1,6,93,'IWAED390612'),(53,'2025-02-05','1',1,6,93,'IWAED390612'),(54,'2025-02-05','oswi',1,6,93,'IWAED390612'),(65,'2025-02-06','1',1,7,95,'IWAED390887'),(66,'2025-02-06','14',1,7,95,'IWAED390887'),(67,'2025-02-07','16',1,7,95,'IWAED390887'),(68,'2025-02-08','10',1,7,95,'IWAED390887'),(69,'2025-02-08','1',1,7,95,'IWAED390887'),(70,'2025-02-09','10',1,7,95,'IWAED390887'),(71,'2025-02-10','1',1,7,95,'IWAED390887'),(72,'2025-02-11','10',1,7,95,'IWAED390887'),(73,'2025-02-12','6',1,7,95,'IWAED390887'),(74,'2025-02-11','6',1,7,95,'IWAED390887'),(75,'2025-02-13','10',1,9,95,'IWAED391789'),(77,'2025-02-13','5',1,9,95,'IWAED391789'),(78,'2025-02-13','14',1,9,95,'IWAED391789'),(79,'2025-02-13','19',1,9,95,'IWAED391789'),(80,'2025-02-17','1',1,9,95,'IWAED391789'),(81,'2025-02-17','19',1,9,95,'IWAED391789'),(82,'2025-02-19','14',1,9,95,'IWAED391789'),(83,'2025-02-14','16',1,9,95,'IWAED391789'),(84,'2025-02-20','12',1,9,95,'IWAED391789'),(85,'2025-02-20','6',1,10,95,'IWAED391908'),(86,'2025-02-21','1',1,10,95,'IWAED391908'),(87,'2025-02-21','19',1,10,95,'IWAED391908'),(88,'2025-02-24','1',1,10,95,'IWAED391908'),(89,'2025-02-26','1',1,10,95,'IWAED391908'),(90,'2025-02-26','4',1,10,95,'IWAED391908'),(91,'2025-02-27','1',1,10,95,'IWAED391908'),(93,'2025-03-03','14',1,10,95,'IWAED391908'),(94,'2025-03-06','4',1,10,95,'IWAED391908'),(95,'2025-03-06','10',1,10,95,'IWAED391908'),(96,'2025-03-06','12',1,11,95,'IWAED392982'),(97,'2025-03-10','16',1,11,95,'IWAED392982'),(99,'2025-03-12','18',1,11,95,'IWAED392982'),(100,'2025-03-13','14',1,11,95,'IWAED392982'),(101,'2025-03-16','1',1,11,95,'IWAED392982'),(102,'2025-03-17','10',1,11,95,'IWAED392982'),(103,'2025-03-20','10',1,11,95,'IWAED392982'),(104,'2025-03-22','14',1,11,95,'IWAED392982'),(105,'2025-04-22','1',1,11,95,'IWAED392982'),(106,'2025-03-26','1',1,11,95,'IWAED392982'),(107,'2025-03-29','1',1,12,95,'IWAED394557'),(108,'2025-03-29','4',1,12,95,'IWAED394557'),(109,'2025-03-30','5',1,12,95,'IWAED394557'),(110,'2025-04-30','18',1,12,95,'IWAED394557'),(111,'2025-04-08','14',1,12,95,'IWAED394557'),(112,'2025-04-07','16',1,12,95,'IWAED394557'),(113,'2025-04-07','1',1,12,95,'IWAED394557'),(114,'2025-04-09','12',1,12,95,'IWAED394557'),(115,'2025-04-12','9',1,12,95,'IWAED394557'),(116,'2025-04-29','19',1,12,95,'IWAED394557'),(118,'2025-04-15','16',1,13,95,'IWAED395730'),(119,'2025-04-15','18',1,13,95,'IWAED395730'),(120,'2025-04-15','14',1,13,95,'IWAED395730'),(121,'2025-04-15','1',1,13,95,'IWAED395730'),(122,'2025-04-18','14',1,13,95,'IWAED395730'),(123,'2025-04-23','19',1,13,95,'IWAED395730'),(124,'2025-04-24','1',1,13,95,'IWAED395730'),(125,'2025-04-24','16',1,13,95,'IWAED395730'),(126,'2025-04-26','3',1,13,95,'IWAED395730'),(127,'2025-04-27','18',1,13,95,'IWAED395730'),(128,'2025-04-29','3',1,14,95,'IWAED396530'),(129,'2025-05-01','16',1,14,95,'IWAED396530'),(130,'2025-05-03','12',1,14,95,'IWAED396530'),(131,'2025-05-03','3',1,14,95,'IWAED396530'),(132,'2025-05-05','4',1,14,95,'IWAED396530'),(133,'2025-05-05','18',1,14,95,'IWAED396530'),(134,'2025-05-07','5',1,14,95,'IWAED396530'),(135,'2025-05-07','19',1,14,95,'IWAED396530'),(136,'2025-05-10','18',1,14,95,'IWAED396530'),(137,'2025-05-12','14',1,14,95,'IWAED396530'),(138,'2025-05-13','16',1,16,95,'IWAED397702'),(139,'2025-05-13','3',1,16,95,'IWAED397702'),(140,'2025-05-14','1',1,16,95,'IWAED397702'),(141,'2025-05-15','18',1,16,95,'IWAED397702'),(142,'2025-05-17','14',1,16,95,'IWAED397702'),(143,'2025-05-25','1',1,16,95,'IWAED397702'),(145,'2025-05-17','planta',1,16,95,'IWAED397702'),(146,'2025-05-27','3',1,16,95,'IWAED397702'),(147,'2025-05-27','4',1,16,95,'IWAED397702'),(148,'2025-05-30','16',1,16,95,'IWAED397702'),(161,'2025-06-02','18',1,19,95,'IWAED399333'),(162,'2025-06-03','3',1,19,95,'IWAED399333'),(163,'2025-06-03','RINO',2,19,95,'IWAED399333'),(165,'2025-06-04','6',1,19,95,'IWAED399333'),(166,'2025-06-05','3',1,19,95,'IWAED399333'),(167,'2025-06-06','10',1,19,95,'IWAED399333'),(168,'2025-06-07','12',1,19,95,'IWAED399333'),(169,'2025-06-07','14',1,19,95,'IWAED399333'),(170,'2025-06-09','18',1,19,95,'IWAED399333');
/*!40000 ALTER TABLE `control_aceites` ENABLE KEYS */;
UNLOCK TABLES;

--
-- Table structure for table `informe`
--

DROP TABLE IF EXISTS `informe`;
/*!40101 SET @saved_cs_client     = @@character_set_client */;
/*!40101 SET character_set_client = utf8 */;
CREATE TABLE `informe` (
  `id` int(11) NOT NULL AUTO_INCREMENT,
  `inicio` date DEFAULT NULL,
  `final` date DEFAULT NULL,
  `folio` varchar(255) DEFAULT NULL,
  PRIMARY KEY (`id`),
  UNIQUE KEY `unique_folio` (`folio`),
  UNIQUE KEY `folio` (`folio`)
) ENGINE=InnoDB AUTO_INCREMENT=40 DEFAULT CHARSET=latin1 COLLATE=latin1_swedish_ci;
/*!40101 SET character_set_client = @saved_cs_client */;

--
-- Dumping data for table `informe`
--

LOCK TABLES `informe` WRITE;
/*!40000 ALTER TABLE `informe` DISABLE KEYS */;
INSERT INTO `informe` VALUES (1,'2025-01-11','2025-01-18','IWAED389096'),(2,'2025-01-19','2025-01-23','IWAED389456'),(3,'2025-01-23','2025-02-03','IWAED389881'),(6,'2025-01-31','2025-02-06','IWAED390612'),(7,'2025-02-06','2025-02-13','IWAED390887'),(9,'2025-02-13','2025-02-20','IWAED391789'),(10,'2025-02-21','2025-03-06','IWAED391908'),(11,'2025-03-06','2025-04-09','IWAED392982'),(12,'2025-04-09','2025-04-28','IWAED394557'),(13,'2025-04-14','2025-04-28','IWAED395730'),(14,'2025-04-28','2025-06-05','IWAED396530'),(16,'2025-05-12','2025-05-30','IWAED397702'),(19,'2025-06-02','2025-06-09','IWAED399333'),(39,'2025-06-24',NULL,'IWAED399910');
/*!40000 ALTER TABLE `informe` ENABLE KEYS */;
UNLOCK TABLES;
/*!40103 SET TIME_ZONE=@OLD_TIME_ZONE */;

/*!40101 SET SQL_MODE=@OLD_SQL_MODE */;
/*!40014 SET FOREIGN_KEY_CHECKS=@OLD_FOREIGN_KEY_CHECKS */;
/*!40014 SET UNIQUE_CHECKS=@OLD_UNIQUE_CHECKS */;
/*!40101 SET CHARACTER_SET_CLIENT=@OLD_CHARACTER_SET_CLIENT */;
/*!40101 SET CHARACTER_SET_RESULTS=@OLD_CHARACTER_SET_RESULTS */;
/*!40101 SET COLLATION_CONNECTION=@OLD_COLLATION_CONNECTION */;
/*!40111 SET SQL_NOTES=@OLD_SQL_NOTES */;

-- Dump completed on 2025-06-24 14:05:46
